<?xml version="1.0" encoding="UTF-8" standalone="yes"?>
<addon id="repository.jewrepo" name="[COLOR purple]palekiox[/COLOR]" version="1.6.0" provider-name="palekiox">
    <extension point="xbmc.addon.repository" name="[COLOR purple]palekiox[/COLOR]">
    <dir>
        <info compressed="false">https://raw.githubusercontent.com/palekiox/repo/main/addons.xml</info>
        <checksum>https://raw.githubusercontent.com/palekiox/repo/main/addons.xml.md5</checksum>
        <datadir zip="true">https://raw.githubusercontent.com/palekiox/repo/tree/main/zips/</datadir>
    </dir>
    <dir>
        <info compressed="false">https://raw.githubusercontent.com/Gujal00/smrzips/master/addons.xml</info>
        <checksum>https://raw.githubusercontent.com/Gujal00/smrzips/master/addons.xml.md5</checksum>
        <datadir zip="true">https://raw.githubusercontent.com/Gujal00/smrzips/master/zips/</datadir>
    </dir>
    </extension>
    <extension point="xbmc.addon.metadata">
        <summary>Free the People, Free the World!</summary>
        <description>JewBMX's Official Repository</description>
        <platform>all</platform>
        <assets>
            <icon>icon.png</icon>
            <fanart>icon.png</fanart>
        </assets>
    </extension>
</addon>